miRNA,arm,let7_family,WT1,WT2,WT3,E1705K,D1709N,D1709G,G1809R,G1809V,G1809E,D1810Y,D1810V,D1810N,E1813K,E1813D,E1813Q,E1813G,S1344L,G1708E,G1708R,R1736W,N1742S,K1806E,D1713Y,Q1702H,S1747L,E1800K,P1805S,D1822V,K1030E,L1583R,V1740A,P437A,Q1148E,R1599W,R1342C,D1713G,R1851L,N1120H,Q1702E,E1667K,E1778Q,A1710S,R1736L,R1342H,H1719Y,E1667D
let-7e-5p,5p,TRUE,-0.002615,0.002611,0,-8.393026,-15.43414,-6.175262,-6.236604,-6.976089,-6.081416,-15.43414,-3.349942,-6.449843,-7.289699,-6.705369,-15.43414,-7.194097,-4.720945,-3.200929,-5.065158,-3.477161,-3.569787,-2.20493,-1.120946,-0.439908,-1.393684,-0.987965,-0.968957,-1.56599,-2.020311,-2.334955,0.888522,-0.208849,0.097763,0.036406,-0.150099,-0.182522,0.413511,0.060776,0.350043,0.066287,-0.328897,-0.218773,-0.1373,0.071615,0.333321,0.484499
let-7d-5p,5p,TRUE,0.005456,-0.005477,0,-13.74057,-5.396004,-4.481691,-6.127995,-7.30541,-4.387845,-5.341356,-3.656371,-3.17131,-13.74057,-13.74057,-13.74057,-3.915563,-4.249766,-13.74057,-3.935048,-3.990083,-2.204838,-0.621526,-0.987184,-0.290726,-0.985787,-0.920269,-1.04731,-5.395981,-2.648668,-13.74057,0.419842,-0.356079,-0.411793,-0.561254,-0.929982,0.696454,0.25288,-0.044703,0.484643,0.078359,-0.110426,0.089448,-0.665503,0.071434,0.520456,0.525216
miR-99b-5p,5p,TRUE,0.040723,-0.041906,0,-7.166688,-6.863238,-15.79277,-8.180191,-5.253273,-4.118113,-6.393552,-3.123605,-4.808468,-6.063361,-6.063994,-15.79277,-6.552722,-6.301962,-4.144516,-3.50104,-3.217563,-2.915115,-2.073139,-0.331561,-1.768021,-1.293172,-1.087374,-1.527567,-1.339653,-1.214082,-2.636997,-1.125285,-0.355423,0.067318,-0.015888,-0.151172,0.092554,0.241758,0.184535,-0.128352,0.241491,-0.324043,-0.489377,-0.382694,0.001581,0.020208,0.048891
let-7i-5p,5p,TRUE,0.034184,-0.035014,0,-5.849432,-5.661459,-4.01018,-6.656484,-5.603621,-3.778831,-5.384419,-3.258861,-5.021727,-6.124617,-5.540287,-6.74953,-6.350943,-5.100183,-4.357775,-4.464739,-4.630792,-2.492836,-0.662668,-2.375258,-1.243154,-0.387389,-0.380341,-0.787756,-4.786967,-1.85827,-3.74334,1.382334,-0.09766,-0.037611,-0.197827,-0.629141,0.197023,0.087514,-0.072663,0.677136,0.069166,0.246307,0.220177,-0.280017,0.04642,0.440276,0.39612
let-7g-5p,5p,TRUE,0.075308,-0.079456,0,-6.797021,-5.793131,-4.409332,-6.055636,-4.312188,-3.163483,-6.438923,-3.432009,-1.995857,-5.523769,-6.109364,-6.996679,-6.598092,-3.574743,-3.867959,-4.36809,-1.616359,-0.914888,-0.053444,-0.565376,-0.265997,-0.289946,-0.190868,-0.098485,-5.171619,-1.173983,-7.382807,0.381552,-0.033905,-0.22572,-0.321785,-0.156878,0.084227,-0.066405,-0.026668,0.384873,-0.008335,0.203699,0.302134,0.065137,0.341372,0.443631,0.348202
let-7f-5p,5p,TRUE,0.048482,-0.050168,0,-5.055881,-4.827719,-3.965873,-4.484421,-4.735579,-3.135061,-5.258498,-2.873073,-2.456183,-5.747734,-5.250867,-5.231292,-5.154633,-3.788396,-2.63095,-3.355358,-0.806658,-0.952055,-1.007557,-0.971592,-0.492076,-0.60155,-0.433373,-0.400066,-2.485303,-0.916497,-3.334485,1.443195,-0.008393,0.153054,-0.006201,-0.114576,0.530093,0.329007,0.048904,0.698842,0.029867,0.007945,0.100939,-0.145275,0.230545,0.407608,0.369445
miR-194-5p,5p,FALSE,0.145934,-0.162374,0,-5.255448,-4.367035,-13.29656,-3.36206,-2.145071,-0.62191,-3.897349,-4.212364,-1.50491,-5.152121,-13.29656,-3.455106,-3.056519,-0.93129,-2.648313,-2.245729,0.753789,-0.354206,-1.052668,-0.088611,-0.098913,0.090429,0.09107,0.099985,-0.492542,-0.07755,-2.841233,-1.238236,-0.768708,-0.142873,-0.074498,0.316261,-0.332781,-0.069394,0.055474,-0.352037,-0.02296,-0.026449,-0.064105,0.000862,-0.045763,0.019939,-0.088588
miR-17-5p,5p,FALSE,-0.167857,0.150347,0,-4.302623,-4.191818,-5.084859,-4.731163,-4.444752,-2.821088,-4.622597,-3.089614,-2.774478,-4.877368,-5.030003,-4.502281,-4.103694,-3.045579,-1.888134,-2.231637,-1.14998,-0.641814,-1.56969,0.079347,-1.045309,0.17034,0.257285,-0.092408,-0.659299,-0.060972,0.281516,-0.695129,0.246126,0.138072,-0.032353,-0.076974,-0.067114,-0.31224,-0.194306,0.014611,-0.116632,-0.100877,0.024285,0.014118,-0.11658,-0.161098,-0.292807
miR-615-3p,5p,FALSE,-0.196316,0.172774,0,-2.771704,-2.774915,-6.108529,-5.754833,-5.645041,-6.014683,-3.646266,-2.475854,-2.68267,-2.763534,-3.053673,-2.002389,-2.735046,-4.291641,-15.36741,-3.319072,-4.014211,-1.387576,-0.04532,-4.690837,0.352909,-0.771859,-0.863907,-0.645474,-0.499257,-0.144055,-4.59015,0.402502,0.033143,-0.112631,-0.366857,-0.605318,-0.732333,0.024506,-0.137933,-0.137327,0.26539,-0.086507,-0.047398,0.015983,0.205067,0.249701,0.339047
let-7c-5p,5p,TRUE,0.115562,-0.125631,0,-4.896777,-5.330292,-2.679013,-5.647246,-2.203155,-0.000205,-4.860607,-2.590659,0.607121,-3.79345,-5.531048,-5.418363,-6.019776,-2.447088,-3.611571,-4.367513,-0.241543,0.75954,0.334409,-0.178108,0.86351,0.256522,0.460306,0.831406,-2.4558,-0.023529,-2.997136,0.739352,-0.173234,0.303078,0.45667,0.257614,0.647075,0.257624,0.052858,0.334837,0.222519,0.306777,0.605948,0.701061,0.3555,0.418334,0.59671
miR-96-5p,5p,FALSE,0.143366,-0.159201,0,-4.027208,-4.723758,-13.65329,-3.233356,-2.908075,-1.978633,-4.254072,-3.569087,-0.668988,-4.508844,-4.924514,-3.226866,-3.413242,-1.577519,-2.005036,-0.573933,-0.08343,0.018423,0.501573,-0.728788,0.595116,0.288008,0.220297,0.681756,-0.099244,0.010867,-5.197956,-0.49981,-0.427994,-0.461326,-0.529252,0.083929,0.105452,0.16588,0.136093,0.229166,0.019323,0.374966,0.53785,0.455936,0.286385,0.337965,0.453607
let-7b-5p,5p,TRUE,-0.092764,0.087158,0,-4.20755,-3.9781,-3.989786,-4.373056,-3.440403,-2.310978,-3.47094,-2.164466,-2.416371,-4.256226,-3.671896,-4.729136,-4.523194,-3.079789,-1.462912,-1.907984,-2.079159,-0.969274,-0.285351,-0.465663,0.16145,-0.298737,0.10872,-0.10232,-2.641042,-1.360297,-3.027801,1.07372,0.114131,0.011164,-0.0266,-0.345713,0.567554,0.132452,-0.117932,0.417963,0.162703,0.267307,0.444625,0.074226,0.394357,0.607095,0.66116
miR-126-5p,5p,FALSE,0.085786,-0.091211,0,-4.498271,-4.375392,-4.046042,-3.844349,-4.320539,-2.573684,-3.768203,-2.84221,-2.118989,-4.160478,-3.898076,-3.785392,-4.386805,-3.197445,-1.171244,-1.905946,-2.407445,-0.390677,-2.308376,-0.064582,-0.279562,0.440823,0.271069,0.065054,-0.5009,0.09057,-2.923591,-0.268114,-0.000108,-0.145038,-0.143066,0.197091,0.026055,-0.099062,0.077047,-0.028555,0.016345,0.063612,-0.002613,0.044918,-0.077302,-0.174674,-0.201204
miR-185-5p,5p,FALSE,0.296732,-0.373998,0,-3.730107,-4.426656,-2.190415,-4.573684,-4.209686,-3.418497,-4.372008,-2.687023,-4.786924,-4.626779,-4.04245,-3.344802,-3.946215,-2.695455,-2.122972,-2.161252,-0.864443,-1.138193,-0.56027,-2.140455,0.605554,-0.028013,0.069825,0.519818,0.032799,0.026949,-4.315892,1.272213,0.205391,-0.231878,0.053251,-0.272166,-0.701963,0.320769,0.307115,-0.047152,0.092666,0.176886,0.213782,0.25653,0.198625,0.408715,0.622204
miR-20a-5p,5p,FALSE,-0.024183,0.023785,0,-4.155167,-4.28612,-4.773905,-3.768132,-4.187363,-2.629432,-3.083373,-2.849049,-3.211984,-3.566413,-3.863439,-3.243794,-3.512632,-3.349334,-2.284998,-1.559078,0.017133,-0.941138,-1.748754,0.43681,-1.440111,-0.427798,-0.048197,0.26246,-0.233455,0.263579,-3.214884,0.531684,-0.054131,-0.274322,-0.151956,0.230874,0.383756,-0.343603,-0.080491,-0.163017,-0.023517,-0.006006,0.286636,0.033093,0.283126,0.120967,0.25936
let-7a-5p,5p,TRUE,0.039072,-0.04016,0,-4.024468,-3.747012,-2.457554,-3.597398,-4.162188,-2.336991,-3.10449,-2.491058,-2.95004,-3.225995,-3.286184,-3.224126,-3.545431,-2.930007,-0.989472,-2.058085,-0.429896,-0.757846,-0.591034,-0.868066,-0.330753,-0.380619,-0.109338,0.277701,-0.689145,-0.377912,-0.52279,0.744844,-0.044102,0.00016,0.012093,-0.150169,0.344196,0.207975,-0.010728,0.309156,0.059606,0.128626,0.341297,0.173897,0.363549,0.513623,0.567302
miR-378a-5p,5p,FALSE,-0.156151,0.140889,0,-3.664205,-3.168109,-4.253796,-3.092745,-3.589401,-2.574987,-3.528499,-2.843513,-2.528377,-2.368232,-2.783902,-2.671218,-3.687668,-3.284905,0.457503,-0.980499,-2.325354,-1.099427,-0.362452,-0.28921,0.017667,-0.483677,-0.055477,-0.306469,0.258179,0.112659,-3.057345,-0.26886,0.313522,0.330676,0.399261,0.093296,0.445133,0.05909,-0.042962,-0.268573,0.117,-0.159076,-0.076553,-0.290541,-0.186591,0.030591,-0.078274
miR-32-5p,5p,FALSE,-0.161361,0.145115,0,-2.512374,-2.668355,-2.754042,-2.078418,-2.460058,-13.01292,-1.806352,-0.928722,-1.443661,-2.283516,-3.284149,-2.586501,-1.965522,-1.785151,-1.364671,-1.022691,-1.818197,-0.753707,-0.208998,-2.050948,0.526509,0.363663,0.321031,0.243569,-2.346404,0.000978,-4.557591,-0.574129,-0.650125,-1.112987,-1.462623,-0.434695,-1.096028,-0.570023,-0.187771,-0.37064,-0.387921,-0.321884,-0.038583,-0.22995,-0.458815,-0.386954,-0.29216
miR-93-5p,5p,FALSE,-0.022055,0.021722,0,-2.764644,-2.491009,-2.743278,-2.535752,-3.717095,-2.576182,-2.573196,-2.136598,-2.769931,-2.895782,-2.688422,-3.116305,-3.197328,-1.970471,-1.512605,-2.410694,-2.625306,-1.367169,-2.101956,0.601204,-1.420302,-1.27201,-1.01722,-1.828919,-0.535171,-1.275539,-2.126165,-1.019714,-0.115799,0.286714,0.231272,0.295596,0.202008,-0.002501,0.022493,-0.222262,0.119267,-0.316422,-0.475936,-1.032349,-0.013539,-0.143132,-0.222972
miR-425-5p,5p,FALSE,-0.299447,0.24785,0,-3.760335,-3.456885,-1.542571,-2.99623,-3.968777,-3.25608,-3.209592,-2.202678,-1.454582,-3.464363,-2.558105,-2.767348,-4.368761,-2.118001,-1.375593,-1.373348,-0.601403,-2.454944,-1.536497,-2.574683,0.182699,-1.47184,-0.663516,-0.289213,-0.456861,-0.241269,-2.346121,-1.267839,-0.864139,-0.105531,0.030928,-0.01664,-0.793447,-0.263883,-0.188911,0.075138,0.130356,-0.300107,-0.544853,0.003763,-0.046862,0.091754,0.486211
miR-191-5p,5p,FALSE,-0.042414,0.041203,0,-3.136367,-3.021362,-2.563687,-3.092155,-3.531991,-2.40972,-2.869417,-2.620531,-1.720432,-2.709151,-3.093794,-3.250296,-2.947286,-2.886351,-0.620381,-1.977569,-1.032243,-0.806209,-0.866371,-0.900493,-0.539444,-0.148676,-0.18106,-0.699088,0.159727,0.076921,-1.590908,-2.506388,-0.029466,0.24265,0.151488,-0.054455,-0.461997,-0.02761,0.112896,-0.371806,0.191819,-0.243087,-0.489079,-0.453078,-0.16218,-0.346273,-0.345528
miR-34a-5p,5p,FALSE,-0.116028,0.107387,0,-3.103904,-2.824976,-2.718018,-2.77936,-3.145125,-2.24566,-2.954753,-2.42803,-2.753812,-3.154383,-3.059091,-3.609371,-2.795747,-2.457524,-1.387541,-1.089515,-1.087936,-1.844175,-0.355376,-1.661094,0.142439,-0.286038,-0.221252,-0.03186,-0.245497,0.27375,-2.24656,0.083182,-0.003143,-0.030732,-0.075707,0.125451,-0.213521,-0.185389,-0.146105,0.051981,0.049383,0.112226,0.093625,0.166,0.084197,0.242934,0.135423
miR-218-5p,5p,FALSE,0.017,-0.017202,0,-3.022813,-2.841042,-2.400659,-2.573032,-3.46537,-2.017307,-2.919288,-2.259838,-3.582131,-2.564006,-2.963188,-2.502579,-2.589419,-2.362907,-1.333217,-1.495285,-1.981756,-1.300458,0.176965,-2.435902,-0.055031,0.166986,0.020951,-0.086171,-0.852606,-0.018551,-1.875883,0.033328,0.067877,-0.067218,-0.174048,0.102278,-1.136283,0.095213,0.059049,0.209076,-0.005093,-0.006979,-0.062661,0.17432,-0.046407,-0.055874,-0.013032
miR-503-5p,5p,FALSE,-0.292002,0.242733,0,-3.186904,-2.648988,-1.734675,-2.796016,-3.373298,-1.640829,-4.331306,-1.909355,-3.331184,-3.849111,-2.416785,-3.889062,-3.075438,-2.087712,-0.207801,-2.006422,1.073052,-1.194788,-1.553636,-0.966486,-0.869336,0.366832,0.332121,-0.242762,-0.970893,-0.204721,-1.690227,-1.309839,0.162791,-0.312933,-0.260711,-0.214303,-0.687902,-0.375236,-0.239617,-0.196777,0.053861,-0.080022,-0.259481,0.194973,-0.210779,-0.15667,-0.188879
miR-186-5p,5p,FALSE,-0.086875,0.08194,0,-4.112569,-4.009417,-3.479767,-3.623571,-0.461884,0.332897,-3.865501,-2.966391,-0.230786,-3.857238,-4.272908,-4.160224,-3.761637,-1.925914,-1.090397,-1.564743,1.00911,0.562291,0.288964,-0.00198,0.185244,0.276262,0.263484,0.209837,-0.384073,0.295152,-2.99381,-0.326594,0.137751,-0.111645,-0.144293,0.005522,-0.113637,-0.272061,-0.028537,-0.37975,-0.11205,-0.076106,-0.06193,-0.014947,-0.154872,-0.206286,-0.206037
miR-26b-5p,5p,FALSE,-0.00444,0.004426,0,-3.094554,-2.71544,-3.041177,-2.817542,-2.967241,-2.250723,-2.671361,-2.614407,-0.860856,-2.84367,-2.937412,-3.031178,-3.03535,-1.939313,-0.422325,-0.644122,0.51736,-0.530901,-0.227621,-0.372942,0.376932,0.019733,-0.030963,0.046053,0.351459,0.102734,-1.583766,-0.560368,0.044535,0.039107,-0.051723,-0.011283,-0.028235,0.054782,-0.001275,-0.050729,-0.016286,0.05125,0.056114,0.158108,0.023148,-0.023954,0.005823
miR-182-5p,5p,FALSE,0.151287,-0.169031,0,-3.097718,-2.540511,-2.410469,-2.672109,-2.802333,-2.679192,-2.440059,-1.947719,-2.211118,-2.202977,-1.901047,-2.353959,-2.741247,-2.318721,-1.191023,-1.012017,-0.684341,-0.284791,-0.712795,-1.401151,-0.767336,-0.320285,-0.057459,0.200406,-0.483456,0.02151,-0.908209,-0.543198,-0.176575,0.238783,0.288981,0.032592,-0.317534,0.328518,0.316612,0.274365,0.191261,0.17593,0.156044,0.172905,0.227391,0.192725,0.246202
miR-18a-5p,5p,FALSE,-0.156071,0.140824,0,-2.326646,-2.608158,-1.371916,-2.117756,-2.572251,-2.184961,-2.816544,-1.868525,-1.852948,-3.071315,-2.486986,-2.888874,-3.127717,-2.309916,-0.304474,-0.630483,-0.986276,-1.097302,-1.090421,-1.451725,-0.988823,0.095,0.154066,0.199698,-1.148703,0.013647,-2.912431,0.36368,0.120566,-0.1158,-0.142189,0.125529,-0.339827,-0.09115,-0.263311,0.069861,-0.16951,0.068396,0.247634,0.315899,0.105849,0.095272,0.13392
miR-31-5p,5p,FALSE,0.125654,-0.137652,0,-3.663685,-3.038307,-2.123993,-2.9223,-3.226633,-1.352075,-2.498232,-3.035639,-1.020063,-2.23843,-1.806103,-2.541415,-3.142828,-2.798959,-0.471588,-0.481713,0.878793,-0.908833,-1.142173,-0.079863,0.193369,0.222891,0.296666,0.707577,0.472679,-0.053471,-2.442116,-0.11479,-0.685959,-0.090269,0.041285,-0.091976,0.205989,0.125549,-0.012157,-0.273634,0.199696,0.104055,0.120466,0.433055,0.067906,0.314471,0.45591
miR-30c-5p,5p,FALSE,0.02948,-0.030095,0,-2.816922,-2.743769,-2.829456,-2.56149,-2.607219,-1.043732,-2.53158,-2.060719,-0.804477,-2.889445,-2.600571,-2.947317,-2.963768,-1.543083,-0.681093,-0.97096,-0.450445,-0.509383,0.411409,-1.00368,0.435341,0.02748,0.162143,0.091193,-0.149565,0.029614,-2.809883,-0.527781,-0.227199,-0.149104,-0.102499,-0.179373,-0.144639,-0.16949,-0.073714,-0.034409,-0.036958,-0.062333,-0.093232,0.015193,-0.176866,-0.153329,-0.125406
miR-192-5p,5p,FALSE,0.168794,-0.191192,0,-3.44512,-3.449792,-3.342833,-2.667209,-0.976166,0.523602,-2.617536,-1.643044,0.937175,-2.872307,-2.065585,-3.760255,-3.487199,-1.608408,-0.837985,-1.440745,-0.168477,0.591677,0.701278,0.445546,0.299353,0.389648,0.168624,-0.075613,-0.819718,0.083564,-1.56142,-0.566053,0.154095,0.205934,0.21813,0.288133,0.142992,0.034134,0.276431,-0.092513,0.073628,-0.034135,-0.064475,0.02922,-0.088508,-0.24895,-0.215953
miR-340-5p,5p,FALSE,-0.169518,0.151677,0,-1.754398,-1.837971,-2.624097,-1.363511,-1.860573,-1.945288,-2.483762,-0.991422,-2.313716,-2.416606,-3.154204,-2.456556,-2.642932,-1.977134,-1.234726,-0.078684,-1.855101,-2.525582,-1.286227,-0.451518,-0.543771,-0.607217,-0.644724,-1.27285,-1.078955,-0.646685,-4.427646,0.37188,0.242781,-0.291165,0.022417,0.237568,1.145951,-0.382935,-0.372412,0.411357,-0.049451,-0.278519,-0.195692,-0.400533,-0.102475,0.02872,0.062984
miR-7-5p,5p,FALSE,0.017335,-0.017545,0,-2.310644,-2.047709,-1.999771,-1.974956,-2.770591,-1.840829,-1.921802,-1.944153,-2.330935,-2.405256,-2.207949,-2.368098,-2.12211,-1.967908,-0.6104,-1.011542,-1.178324,-2.161023,-1.612822,-2.532985,-0.770874,-0.246723,-0.353882,-0.598785,-0.164939,0.007454,-1.786769,0.773038,0.097067,0.065894,-0.086024,0.020629,-0.954843,-0.140977,-0.004353,0.114564,0.004326,-0.067982,-0.298805,-0.192587,-0.078169,-0.14932,-0.201519
miR-196a-5p,5p,FALSE,-0.097219,0.091079,0,-2.740325,-2.566642,-1.907914,-2.479205,-2.381872,-0.901784,-2.876991,-1.857888,-2.058316,-2.890754,-2.902527,-2.631145,-2.902637,-1.586938,0.165594,-0.240952,1.34532,-0.256936,-0.651335,-0.462379,0.308422,0.33202,0.442485,0.709559,0.509417,0.365097,2.252114,-0.0276,0.228064,-0.144206,-0.143997,-0.317216,0.451479,-0.002139,-0.095468,0.164053,0.108627,0.320167,0.494554,0.634442,0.276377,0.314838,0.457947
miR-30a-5p,5p,FALSE,0.071452,-0.075176,0,-2.442966,-2.590177,-2.582754,-1.943656,-2.481899,-1.401446,-2.44242,-2.056995,-0.302747,-2.237759,-2.942936,-2.093286,-2.794234,-1.765867,-0.492944,-0.284567,-0.057192,-1.365844,-0.298404,-2.046122,0.474467,-0.162028,-0.128424,0.434798,0.132312,0.089804,-1.528323,0.348185,-0.275304,-0.232749,-0.10289,0.061319,-0.337542,0.04471,-0.064378,0.085397,-0.001465,-0.003358,0.050048,0.096278,0.103659,0.098008,0.402551
miR-224-5p,5p,FALSE,0.016554,-0.016746,0,-2.190439,-1.790773,-1.508728,-1.722073,-3.160765,-0.829919,-1.442394,-1.835411,-2.520275,-2.038202,-1.7758,-1.788646,-1.9426,-2.013768,0.143677,-1.124303,-1.468368,-1.504335,-2.255031,-0.921111,-1.190474,0.018302,-0.742886,-0.063652,0.277422,-0.036107,1.995151,-1.778212,0.049046,0.669655,0.44389,0.488691,-0.540931,0.12275,0.1653,0.251147,0.012701,-0.201849,-0.711036,-1.117679,-0.141219,-0.085072,-0.186087
miR-339-5p,5p,FALSE,0.074593,-0.078661,0,-3.175293,-1.954304,-2.542491,-2.35872,-2.236664,-1.370643,-1.928225,-1.799634,0.16275,-1.968872,-1.598667,-1.737521,-2.030811,-0.351208,-0.515691,-1.163677,-0.973281,0.451055,0.585302,-0.139907,0.611284,0.170534,0.23479,0.205028,-0.341304,0.294744,-4.515966,-1.910561,-0.038184,-0.080639,0.127153,0.072715,0.068705,-0.122955,0.078349,-0.216865,0.030731,-0.03364,-0.040605,0.107,-0.013669,-0.057764,0.150266
miR-424-5p,5p,FALSE,-0.016487,0.016301,0,-1.712409,-1.888127,-3.433245,-1.757621,-2.00364,-0.676434,-1.707948,-1.607925,0.133476,-2.810716,-1.963352,-1.976198,-1.867117,-0.616357,-0.821482,-1.149357,0.165441,-0.373204,-0.716183,0.161035,-0.392272,0.315752,0.186205,-0.315553,-0.888103,0.239313,-2.651832,-1.087595,-0.076042,-0.211344,-0.411586,0.192067,-0.275891,-0.503544,-0.044278,-0.214329,-0.208001,-0.094738,-0.209484,-0.243309,-0.24573,-0.322688,-0.514005
miR-26a-5p,5p,FALSE,0.108335,-0.117135,0,-2.240016,-2.416175,-2.007752,-2.275545,-1.919438,-0.724872,-2.118957,-1.334436,-0.659403,-2.065606,-2.537859,-2.314143,-2.385041,-1.318145,-0.217844,0.363911,0.112955,-0.522571,0.167595,-1.820289,0.760251,-0.301382,0.000494,0.568271,0.25428,0.028884,-1.811302,-0.421933,-0.339421,-0.240674,-0.121118,-0.198584,0.025039,0.145632,0.025149,0.030264,0.04747,0.115701,0.239596,0.160761,0.153903,0.225429,0.500308
miR-125a-5p,5p,FALSE,0.207778,-0.242819,0,-2.758814,-2.536664,-1.872894,-2.747822,-1.277059,0.502523,-2.147597,-1.928275,-0.674539,-2.306153,-2.032163,-2.504441,-2.340319,0.093507,0.62428,-0.681449,-0.487158,1.059659,0.754586,0.388123,0.397737,0.152021,0.240732,0.306023,0.410118,0.070966,-0.813325,-0.993113,-0.185523,0.01064,-0.037584,-0.079133,0.145323,0.184086,0.292149,-0.327835,0.058349,-0.046447,0.044932,-0.009072,0.085184,-0.011855,0.08578
miR-16-5p,5p,FALSE,-0.034203,0.03341,0,-2.21436,-1.92113,-1.649574,-1.846743,-2.257409,-0.935613,-1.704065,-1.575524,-1.471115,-1.880696,-1.8942,-1.861257,-1.877267,-0.378285,-0.167189,-0.528591,-1.107538,-0.008285,-0.608322,0.14312,-0.361523,-0.016535,-0.024137,0.20399,0.332414,0.243042,1.086921,-0.719753,0.053439,0.106109,0.170318,0.124272,0.187491,-0.047125,-0.055523,-0.04148,0.121437,0.092537,0.026264,0.072111,0.123391,0.104013,0.109524
miR-423-5p,5p,FALSE,0.316524,-0.406076,0,-3.132827,-2.481454,-2.789533,-2.32036,-2.049756,-1.958721,-1.774729,-1.964213,-1.649076,-1.0295,-0.319639,-0.984562,-1.486439,-0.405604,1.658732,0.570126,-0.693786,0.23098,-1.247526,0.135954,-0.36122,-0.271874,-0.183091,0.381349,1.103532,-0.579947,3.395603,1.444844,-1.02957,-0.761455,-0.614523,-1.027403,0.110045,0.982683,0.54746,-0.008772,0.259141,0.126819,0.492434,0.382932,0.18727,0.430555,0.628456
miR-30e-5p,5p,FALSE,0.040452,-0.041619,0,-2.798859,-2.756369,-1.972116,-2.604873,-0.16168,0.528236,-2.330883,-1.808627,0.796872,-2.510692,-2.502222,-2.502748,-2.490052,0.037039,-0.428023,-0.129409,1.130091,0.478104,0.79774,0.158005,0.609358,0.423849,0.490447,0.935089,-0.361661,0.19226,-1.608768,0.427724,-0.302892,-0.576199,-0.401296,-0.001774,0.296523,-0.185372,-0.082073,0.024068,-0.032842,0.221417,0.415726,0.331829,0.128524,0.245402,0.331815
miR-374a-5p,5p,FALSE,-0.022138,0.021804,0,-1.015114,-1.189711,-1.345787,-1.047232,-2.556125,-0.486406,-1.720025,-1.382963,-0.450443,-2.460223,-2.497382,-1.277782,-1.294232,-0.577809,-1.278344,-1.054449,-1.668304,-0.971637,-0.233688,-1.080098,0.206004,-0.379269,-0.436196,-0.541529,-0.353186,-0.099626,-3.471264,-0.080211,0.159992,0.191763,0.166107,0.482801,-0.235971,-0.05777,0.003578,0.130512,-0.183209,-0.075123,-0.128855,-0.33684,-0.117857,-0.174167,-0.123513
miR-361-5p,5p,FALSE,0.106559,-0.115062,0,-2.203065,-2.392655,-1.145766,-1.972642,-1.246144,-0.817454,-1.338007,-1.822946,-0.048378,-2.099738,-1.515408,-2.843296,-1.930135,-1.094413,-0.258896,-0.091719,1.224473,0.7363,0.195866,1.35689,0.734786,0.006187,0.229453,0.515407,0.481838,0.228383,-2.866853,-2.221893,-0.118424,-0.361876,-0.010522,-0.092588,0.612844,0.307275,0.122623,-0.158191,0.102801,0.086048,0.24668,0.001691,0.136891,0.073043,0.218
miR-196b-5p,5p,FALSE,0.005672,-0.005694,0,-1.980553,-1.74715,-1.676534,-1.678982,-1.80834,-1.323953,-1.095626,-1.391782,-1.250675,-1.856858,-1.355784,-1.187065,-1.254796,-1.259497,-0.450662,-0.066724,0.838765,-1.473429,-1.061003,-0.704253,-0.160752,-0.080301,0.156997,0.534919,-0.732843,-0.159013,0.06129,1.736801,0.085409,0.16351,0.159343,0.116184,-0.067122,0.131132,-0.029296,0.40606,0.006537,0.191104,0.35732,0.849144,0.223557,0.479791,0.55176
miR-629-5p,5p,FALSE,0.16738,-0.18938,0,-1.362852,-1.847898,-1.518547,-1.454357,-2.052313,0.115868,-1.193787,-1.065195,-1.252559,-1.507452,-1.508085,-2.588045,-1.826888,-1.243553,1.934954,0.647749,0.50666,-0.483534,-0.399508,-1.117343,0.368011,0.091311,-0.214298,0.040476,0.862619,0.176973,2.268321,1.190339,-0.035813,-0.524294,-0.476199,-0.462489,-0.102218,0.21512,0.165383,0.079098,0.093394,-0.042677,0.092599,0.240007,0.016959,-0.06994,0.124529
miR-301a-3p,3p,FALSE,0.284656,-0.354981,0,2.000077,1.44439,-0.804527,-0.363368,-3.752647,-13.64837,0.657736,-0.979207,1.657858,1.529497,0.506669,1.259178,2.153918,-0.250674,-13.64837,-4.356289,-1.467518,-0.656259,0.291092,0.524057,-0.009201,-1.256943,-0.818624,-1.907332,-2.981851,-1.023035,-3.193039,-2.54119,-0.307599,0.543592,-0.008635,0.673809,-0.53238,0.092951,0.308922,-0.105389,-0.236488,-0.285597,-0.317259,-0.431679,-0.299501,-0.407749,-0.647363
miR-21-5p,5p,FALSE,-0.012567,0.012459,0,-1.47538,-1.388741,-0.596418,-0.745223,-2.080773,-1.42011,-0.736192,-2.536633,-1.151107,-1.154462,-1.307097,-0.853376,-0.74852,-0.513357,-0.487156,-0.05754,0.138099,-0.317594,0.138089,-0.178727,0.196037,0.057464,-0.133112,-0.0163,0.284472,-0.168049,-0.732543,-0.144245,-0.536896,-0.219704,-0.004946,-0.085251,0.291691,0.077795,-0.135385,0.210157,0.099337,0.18219,0.241116,0.46716,0.179727,0.127055,0.182057
miR-15b-5p,5p,FALSE,-0.144444,0.131289,0,-1.799853,-1.727728,-1.529621,-1.451899,-0.763161,-0.063221,-1.753698,-1.361909,0.202224,-1.353381,-1.600296,-1.973038,-1.6976,-0.226489,0.029674,-0.114691,1.1478,0.38089,0.571276,-1.018418,0.384253,0.251425,0.270464,0.443161,0.066146,0.320921,-3.681094,-2.850501,0.08449,-0.390737,-0.359382,-0.179588,-0.285563,-0.338335,-0.193122,-0.394601,-0.137997,-0.099285,0.004291,-0.132606,-0.074621,-0.168831,-0.076337
miR-9-5p,5p,FALSE,0.081301,-0.086158,0,-1.245034,-1.619655,-0.794609,-0.886978,-0.579182,0.992576,-1.350882,-0.716523,0.090466,-1.819778,-1.324716,-1.596695,-1.48539,0.303389,0.040173,-0.2661,0.831015,0.890483,0.959534,0.397168,0.480166,0.443157,0.332463,0.540908,-0.208205,0.198793,-0.270104,0.889125,-0.060857,0.000808,-0.047332,0.060081,0.243328,0.053304,0.120426,-0.084622,-0.052962,0.211354,0.295448,0.248883,0.07917,0.127303,0.063578
miR-183-5p,5p,FALSE,0.125265,-0.137184,0,-1.419228,-0.891812,-0.168798,-0.825908,-1.110809,0.216511,-0.754702,-0.47883,-1.11715,-0.957006,-0.615246,-0.844954,-0.861404,-0.901424,0.935844,0.839445,-0.302327,0.22488,0.528039,-1.213569,0.630524,0.159468,0.16906,0.66523,0.098751,0.101752,0.729748,0.041863,0.063041,-0.096236,0.050228,-0.134435,0.038832,0.244588,0.099515,0.166722,0.224402,0.185368,0.402847,0.501413,0.257116,0.309171,0.490154
miR-342-3p,3p,FALSE,0.207069,-0.241851,0,-0.26329,-0.24589,-0.916539,-1.256182,-1.576319,-1.263266,-0.532279,-0.754184,-0.11712,-0.212814,0.327794,-0.0273,-0.252564,-0.962915,-0.074656,-0.60709,-1.771019,0.907708,0.400985,-0.283251,0.09844,-0.004212,0.109797,0.389069,1.18803,0.201988,0.926802,-4.1789,-0.210126,-0.060622,0.135316,-0.19623,-0.122716,0.269778,0.244886,-0.401711,-0.070894,-0.142845,-0.011416,0.123037,0.019855,-0.043555,0.145437
miR-10b-5p,5p,FALSE,-0.050291,0.048597,0,-1.131408,-1.11336,0.193271,-1.020922,-1.255453,0.519291,-1.058712,-0.636761,0.480569,-1.406592,-1.066188,-1.031506,-1.248255,-0.49319,0.463343,0.127371,0.754288,1.003217,0.923478,0.667106,0.42592,0.418939,0.340906,0.514436,0.596322,0.176126,-0.859638,1.497283,-0.037986,-0.033894,0.052689,-0.173883,0.451032,-0.049438,-0.027671,0.008192,0.112189,0.295809,0.23,0.291511,0.124406,0.10006,0.081518
miR-107-3p,3p,FALSE,-0.050247,0.048556,0,0.364873,0.614283,-0.697471,-1.021847,-2.068002,-1.603625,-1.042563,0.178475,0.835303,0.403105,0.797957,1.122146,0.816189,-1.770401,-13.7637,-2.303912,-2.461114,-0.211295,0.101413,-0.235386,0.687578,-0.326176,-0.074339,0.379285,-0.834154,-0.544692,-5.308376,-4.53944,0.109285,0.362579,0.399247,0.262446,0.209552,0.219761,-0.067838,-0.247678,0.010768,-0.124163,0.162762,-0.044046,0.091612,0.099153,0.349452
miR-30d-5p,5p,FALSE,-0.004019,0.004008,0,-1.450011,-1.12366,-0.018123,-1.20048,-0.691065,0.760001,-0.928414,-0.418515,-0.483928,-0.765574,-0.683744,-0.986097,-1.322049,-0.376143,0.946227,0.818977,1.042237,0.535963,0.734647,-0.703525,0.989925,0.385615,0.428812,1.023042,0.41124,0.234121,-1.792128,0.499477,-0.124489,-0.263063,-0.08495,-0.363062,0.483938,0.117766,-0.044346,0.214273,0.335411,0.271355,0.474268,0.404621,0.340758,0.485171,0.770929
miR-660-5p,5p,FALSE,0.092877,-0.09927,0,-0.912409,-0.486475,-0.04423,-0.218466,-1.364149,0.343347,-0.465774,-0.649545,-0.813576,-0.357976,-1.206605,-0.508958,-0.731859,-0.201717,0.560869,0.293725,0.396199,0.095335,-0.215152,0.170809,-0.167168,0.21471,0.219044,0.401395,0.109651,0.201379,-4.801976,-0.912276,0.094519,-0.09588,0.031635,0.110153,0.285268,-0.133152,0.01275,-0.219431,-0.067639,-0.037348,0.192675,0.107019,-0.016683,-0.037828,0.074818
miR-103a-3p,3p,FALSE,0.115218,-0.125225,0,0.858047,1.00939,0.14378,-0.626099,-1.883908,-1.798716,-0.530887,0.194565,0.390575,1.022148,0.795511,1.137352,1.057916,-1.923671,-4.310546,-3.328413,-1.794624,0.167081,0.079177,0.081596,0.465438,-0.167247,-0.006707,0.38527,-1.095132,-0.565725,-3.202297,-2.068063,-0.269084,-0.030734,0.127307,-0.00792,0.121187,0.094514,0.09803,-0.191073,0.191007,-0.02068,0.064423,0.175516,0.128596,0.114677,0.399152
miR-10a-5p,5p,FALSE,-0.001534,0.001533,0,-1.453244,-1.344297,0.57426,-1.235628,0.166202,1.372939,-1.142328,-0.430731,1.060595,-1.147557,-1.2227,-1.094802,-1.33645,0.207386,0.986747,-0.045183,1.383249,1.220046,1.055449,0.854673,0.522703,0.449323,0.337173,0.591307,0.445675,0.296666,-1.105525,1.346543,0.037655,-0.013484,0.077071,-0.110328,0.584125,0.085371,0.054477,-0.014902,0.1841,0.290041,0.309149,0.375303,0.214847,0.184931,0.223271
miR-125b-5p,5p,FALSE,0.13029,-0.143235,0,-1.143863,-1.043042,-0.614155,-1.122956,-0.651254,1.226243,-1.034936,-1.071235,1.219324,-0.635482,-0.388187,-0.968841,-0.452418,0.361134,1.692753,0.839741,0.004412,0.988944,1.100635,0.847931,0.62227,0.447697,0.289276,0.418387,0.265104,-0.061481,-1.076668,-0.72304,-0.145619,0.34108,0.410198,0.404889,0.301925,0.099706,0.20662,-0.3503,0.122744,0.197688,0.09868,0.062983,0.141742,0.034476,0.139043
miR-30b-5p,5p,FALSE,-0.080898,0.076602,0,-0.853743,-0.605434,-0.787982,-0.19482,-0.604564,0.750649,-0.730109,-0.488731,1.439937,-0.750415,-0.844157,-1.790366,-0.276302,0.571699,0.431464,0.6172,0.9506,-0.153123,0.908884,-0.421274,0.604143,0.521549,0.432842,0.383075,-0.412765,0.24924,-3.761456,0.581203,0.29144,-0.130579,0.00000474,0.075819,0.19152,-0.268819,-0.001844,0.152888,0.07888,0.1446,0.109071,0.274307,-0.091819,0.027594,-0.048414
miR-28-3p,3p,FALSE,-0.080926,0.076627,0,-0.61075,-0.548308,-0.167427,-0.389233,-1.249332,0.070809,-0.027092,-0.342107,0.310064,-0.137474,-0.038571,-0.440459,-0.186262,-0.124536,1.366334,0.191738,0.100648,-0.025608,0.09801,0.100369,-0.167082,-0.306589,-0.350602,-0.816424,0.528337,-0.102339,-1.218904,-0.385109,-0.127013,-0.088158,-0.003306,-0.089021,-0.064118,0.105092,0.150917,-0.096404,0.101039,-0.153581,-0.420161,-0.188581,0.124092,-0.216686,-0.250611
miR-361-3p,3p,FALSE,0.049095,-0.050825,0,0.730514,0.220913,-0.121606,-0.597986,-0.896141,-0.23258,0.03979,-0.213824,0.310766,0.369981,0.379765,0.713359,0.020023,-1.038545,-1.234736,-1.251697,-0.028795,0.634457,0.717295,-0.200791,0.302651,0.971739,0.58672,0.159703,-0.192622,-0.108274,-0.231259,-1.224574,-0.230683,-0.000107,-0.074788,-0.249794,-0.535936,-0.740022,0.114922,-0.623403,0.208676,0.29659,-0.063139,0.340759,0.080442,-0.099549,-0.071503
miR-23a-3p,3p,FALSE,0.104285,-0.112414,0,-0.06253,-0.487,-0.049125,-0.241711,-0.445155,0.276047,-0.222899,0.159524,0.796588,-0.517198,-0.854866,-0.235221,-0.343594,-0.225284,1.46054,1.299619,0.957666,0.932537,0.634508,0.827998,0.531799,0.29614,0.27329,0.393878,-0.165049,-0.010312,-3.791274,-2.604529,-0.513164,-0.310144,-0.115075,-0.547523,0.068593,-0.009596,0.048468,-0.24186,-0.050672,-0.237368,0.030407,0.065641,-0.140495,-0.131719,-0.014011
miR-151a-3p,3p,FALSE,0.09479,-0.101459,0,0.396514,0.441715,0.255127,-0.146705,-1.589061,-1.088091,0.183957,-0.066102,0.486898,0.560842,0.546359,0.672894,0.641046,-0.01431,-0.388669,-1.345682,-0.06779,0.315168,0.311733,0.322564,-0.168514,0.075164,-0.047587,-0.513636,0.225701,0.123942,0.639604,0.677576,0.069537,0.027865,-0.017222,-0.013995,0.028053,0.064173,0.168059,-0.271377,0.069282,-0.038851,-0.203042,-0.090507,-0.062415,-0.212311,-0.246481
miR-542-3p,3p,FALSE,0.069171,-0.072655,0,1.574052,1.244285,0.280854,0.357016,-1.897781,-2.947228,0.743117,0.106174,0.684345,1.270754,1.101245,1.518784,1.810456,-0.036559,-2.651703,-2.939716,-0.825219,-0.981033,0.209099,-0.053527,-0.132035,-0.726621,-0.727864,-1.209089,-0.955364,-0.525242,-13.29995,0.643841,-0.004272,0.576673,0.315934,0.449753,-0.343905,0.124613,-0.098558,0.238799,0.004374,-0.160515,-0.169779,0.154715,-0.154327,-0.137491,-0.403467
miR-128-3p,3p,FALSE,-0.025925,0.025467,0,1.995265,1.370347,-1.064183,0.136469,-1.789025,-0.697964,0.853759,0.928979,1.495112,1.261953,1.169591,1.842196,1.929806,0.434934,-2.241159,-3.012005,-2.780293,0.563329,0.902591,0.861921,0.377017,-0.209804,-0.269378,-0.855447,-0.168444,-0.004407,-2.675087,-1.828117,-0.142164,0.240216,0.070432,0.082417,0.160533,0.130959,-0.016587,-0.218261,0.018386,-0.18792,-0.368407,-0.58205,-0.148342,-0.164476,-0.244051
miR-338-3p,3p,FALSE,-0.252097,0.214529,0,2.091355,1.684312,0.831072,0.650431,-1.529106,-1.467399,0.222945,0.351537,0.919061,1.255055,0.862844,1.021333,1.846184,0.700427,-12.82012,-1.618175,-2.096987,-0.038232,0.48001,0.591156,0.303218,-0.422063,-0.290146,-0.522649,-1.153607,-0.361441,-12.82012,-1.261427,-0.179795,-0.424233,-0.467272,0.437923,-0.11081,-0.580319,0.039931,-0.177163,-0.338532,0.089234,0.135604,-0.36376,0.100001,0.144109,-0.138193
miR-454-3p,3p,FALSE,0.135333,-0.149355,0,1.93486,1.59035,0.649249,0.29785,-1.616657,-3.271855,0.80438,1.074328,1.01316,1.527356,1.184565,1.107647,2.058407,0.219861,-2.976331,-2.057711,-1.309426,0.121511,0.532032,0.490782,0.437084,-1.763607,-1.117732,-0.470629,-0.507402,-0.236286,-4.754213,-0.636682,-0.149674,0.132909,-0.003361,-0.238333,0.135808,0.216866,0.079849,0.085672,0.019163,-0.22821,-0.076062,-0.401126,0.069071,0.119865,0.118735
miR-378a-3p,3p,FALSE,0.084687,-0.08997,0,0.190973,0.583691,1.31358,0.337127,-0.703142,-0.351566,1.103007,0.679468,0.437548,1.412137,1.230932,1.109151,0.98506,-0.072625,0.943958,-0.160076,-1.827767,0.122588,0.128471,0.166657,0.118488,-0.30669,-0.008489,-0.177562,0.554568,0.009099,0.094993,0.679325,-0.155592,0.339084,0.398783,0.214915,0.549394,0.248014,0.068744,-0.253222,0.073637,-0.132702,-0.171207,-0.222157,-0.116609,-0.132419,-0.06639
miR-190a-5p,5p,FALSE,-0.193297,0.170432,0,0.430313,0.482955,0.61705,0.787034,0.48237,0.942222,0.233823,0.776789,-0.373738,-0.320509,-0.188691,0.068384,0.203936,0.132768,2.34084,1.970632,0.851427,0.403507,0.024645,0.018974,0.062563,0.475429,0.318636,0.366363,-0.176946,0.121527,-0.125099,0.397264,-0.174564,-0.921503,-1.340918,-0.391023,0.072787,-0.222567,-0.117007,0.102415,-0.046336,0.248889,0.12659,0.199311,-0.021033,-0.106512,-0.081226
miR-29a-3p,3p,FALSE,-0.145946,0.132529,0,1.998376,1.496436,0.627241,-0.457947,-1.441769,-0.887722,1.429295,1.249744,1.31674,1.771892,0.838822,1.915706,1.672022,0.001678,-0.914126,-0.733287,-2.336082,0.271605,0.346013,0.19368,0.262606,-0.237717,-0.01233,-0.282653,-0.217786,-0.089045,-3.107046,-0.550502,-0.044301,0.318943,0.438175,0.303764,-0.220815,-0.235107,0.026577,-0.235276,-0.080688,-0.127588,-0.199518,-0.740477,-0.185812,-0.058257,-0.048067
miR-27b-3p,3p,FALSE,0.13396,-0.147684,0,1.41402,1.344042,0.598769,1.077773,0.194583,-0.136273,1.235935,0.97663,0.933872,1.125193,1.052542,1.064533,1.220795,0.765106,-2.088676,-1.286526,-0.718908,0.408714,0.472632,0.222733,0.213678,0.418534,0.279202,0.114597,-0.610977,0.004894,0.369455,-0.562418,0.136065,0.190489,-0.01298,0.172999,0.064384,0.035893,0.169787,-0.011149,0.02631,0.164577,0.157318,0.13842,0.052674,0.031037,-0.122662
miR-24-3p,3p,FALSE,0.280453,-0.348457,0,0.656891,0.952522,1.015699,0.685654,-0.13939,0.080976,0.750395,0.949953,0.354095,1.036192,1.135095,0.903131,0.98265,1.098761,-0.682394,-0.25609,0.300537,0.611714,0.437667,-0.273251,-0.033527,0.206892,0.234621,0.42254,0.578731,0.294691,-0.415882,-2.054826,0.046652,0.086943,0.208428,-0.123014,-0.529093,0.217608,0.334851,-0.305402,-0.004491,-0.027976,0.001502,-0.005749,-0.089277,-0.10481,-0.04882
miR-15a-5p,5p,FALSE,-0.494118,0.367376,0,0.644018,0.768703,1.391462,1.036712,-0.335686,1.745836,0.728194,1.304245,-0.258628,0.574706,0.466217,0.798468,1.035592,0.828502,2.102761,1.435068,-0.3579,-0.522734,-0.897822,-0.815807,-0.62515,-1.226337,-1.188544,-1.052471,0.351641,-0.295523,-2.675122,-1.382126,-0.078696,-0.382521,-0.345353,0.111771,-1.092102,-0.638839,-0.541499,0.334186,-0.132052,-0.570867,-0.459664,-0.19409,-0.344154,-0.228828,-0.115559
miR-532-5p,5p,FALSE,0.02124,-0.021557,0,-0.24916,-0.010158,1.674421,0.04519,1.458369,1.843555,0.433665,0.977788,1.908389,0.434453,0.321852,0.054506,0.240548,2.319235,1.602211,0.928057,0.963649,1.127044,0.766298,1.079173,0.368661,0.280571,0.114775,-0.261177,0.082059,-0.088408,-1.821007,-1.388734,0.035113,0.036499,0.130251,0.136536,0.254465,-0.106597,0.02808,-0.26153,0.135988,-0.221404,-0.427803,-0.276017,-0.185458,-0.356978,-0.349643
miR-130b-3p,3p,FALSE,0.109477,-0.118471,0,1.116382,1.214302,0.706658,1.645317,0.928463,1.469299,1.146553,0.947016,1.100871,1.189463,1.119968,0.981114,1.102861,1.217966,-1.604411,-1.565287,0.969145,0.471516,0.879648,0.013873,0.267764,0.383571,0.206774,-0.082887,-1.245106,-0.160759,-2.797331,-1.688013,-0.215441,-0.217467,-0.048254,-0.132117,-0.068739,-0.166101,0.045243,-0.371043,-0.015034,-0.076225,-0.223001,-0.122279,-0.231477,-0.30888,-0.352531
miR-152-3p,3p,FALSE,0.11455,-0.124436,0,1.542155,1.958329,1.445918,1.819242,1.28674,0.949852,1.367971,1.158229,0.749696,1.331481,1.152251,0.936703,0.937698,1.751679,-2.354536,-1.751865,-0.596744,0.676537,1.067924,0.616299,0.394029,0.522728,0.28632,0.334696,-1.166344,-0.417345,-1.792569,-0.810701,-0.326832,-0.425358,-0.271422,-0.180323,0.029226,-0.127199,0.116948,-0.227699,-0.014814,0.301071,0.133735,0.198708,0.088149,0.057534,-0.184373
miR-221-3p,3p,FALSE,0.01823,-0.018464,0,1.866605,1.458729,1.482602,1.211535,0.439372,-0.375297,1.286418,1.404401,1.241968,1.892439,2.016484,1.919886,2.127249,0.480639,-1.297952,-0.387598,-2.640183,-0.097747,0.369206,0.439277,0.218681,-0.076544,-0.145833,-0.685109,0.459634,-0.104069,-2.801801,-1.975242,0.110637,0.202414,0.260958,0.1305,-0.234947,0.249632,0.039053,0.015099,-0.041838,-0.226319,-0.294475,-0.477868,-0.075295,-0.165044,-0.028753
miR-365ab-3p,3p,FALSE,0.187582,-0.215669,0,1.698608,1.755748,1.244755,1.446448,0.947798,0.66875,1.186544,1.150245,0.840891,1.715281,1.340253,1.283013,1.306091,1.301594,-0.495157,-0.303543,0.623647,0.535916,0.536711,0.641688,0.453324,-0.100914,0.084454,-0.103355,-1.339386,-0.392542,-13.14341,0.359888,-0.825005,-0.658511,-0.480215,-0.332818,-0.200947,0.145868,0.002493,-0.335492,-0.055563,-0.195575,-0.208791,-0.1446,-0.13823,-0.006162,-0.152
miR-590-3p,3p,FALSE,0.100014,-0.107468,0,2.019914,1.678459,0.16191,1.450511,0.790743,1.12249,1.417722,1.359199,0.84426,1.004405,0.574088,1.191004,1.114506,0.667829,-1.121145,0.852084,1.324224,0.618522,1.078097,0.251472,0.974797,0.504056,0.452394,0.457148,-0.494068,0.011218,-14.76939,0.43886,0.032823,-0.683188,-1.001505,-0.296468,0.041993,-0.239891,-0.018245,0.033115,-0.140221,0.113575,0.248463,0.485388,-0.117838,-0.071574,0.018198
miR-148a-3p,3p,FALSE,0.036953,-0.037924,0,2.163608,2.208562,1.063725,1.234817,-0.215742,0.632272,1.838739,1.741784,1.638328,1.828413,1.828362,2.258787,2.126432,0.586904,-1.62372,-1.61115,-1.658798,0.863467,1.001518,0.520685,0.656621,0.413492,0.346452,0.490054,0.101631,0.18745,1.826495,0.052277,0.383608,0.34987,0.199907,0.175495,0.501265,0.091741,0.100157,0.245221,-0.008236,0.292081,0.533699,0.443065,0.209649,0.222909,0.196213
miR-25-3p,3p,FALSE,0.011367,-0.011457,0,1.46505,1.555911,1.284549,1.731626,1.091229,0.751549,1.392808,1.399455,0.7948,1.346205,1.418322,1.232881,1.149005,1.39347,-0.476153,0.113916,0.046465,0.27757,0.762677,0.330157,0.229245,-0.316637,-0.280118,-0.362242,0.272275,-0.226481,-1.434608,-1.280273,-0.169881,-0.259104,-0.274051,-0.239686,-0.131907,-0.039074,0.024369,-0.195667,0.032926,-0.063265,-0.092983,-0.086929,0.034345,-0.036791,-0.0208
miR-320a-3p,3p,FALSE,0.238186,-0.28544,0,1.04295,1.467416,1.012034,0.969614,1.550222,0.923403,0.961763,1.037124,0.538673,1.614426,1.669206,1.404007,0.842783,0.735495,1.328156,1.373954,0.697678,1.256979,1.089392,0.802182,1.185566,0.29674,0.391898,0.89454,0.743314,0.026381,-1.990295,2.72713,-0.942798,-0.78273,-0.758655,-1.299085,0.537402,0.434006,0.197775,-0.037747,0.200476,0.12626,0.284606,0.638485,0.113792,0.237589,0.538994
miR-148b-3p,3p,FALSE,0.047947,-0.049596,0,1.826717,1.840889,1.870438,2.13257,1.478701,1.572257,1.98739,1.523512,1.454638,1.700438,1.84583,1.668101,1.647648,1.650258,-6.020962,-2.129844,1.118907,0.655181,0.932019,0.499713,0.595267,0.247819,0.399042,0.606261,-1.652197,0.190178,-2.485962,-0.943937,-0.002082,-0.148541,-0.146434,0.008783,0.328005,-0.06288,-0.024143,-0.095442,-0.140154,0.123399,0.299804,0.309365,0.056664,0.063199,0.111538
miR-19a-3p,3p,FALSE,-0.083917,0.079303,0,1.901194,1.864485,1.151525,2.445313,1.740793,1.779844,1.751291,1.538724,1.387504,1.423943,1.221567,1.212151,1.781119,1.422979,-1.436384,0.573027,0.826808,0.129432,0.173934,0.251041,0.347815,0.185641,0.293597,0.11784,-1.436264,0.306235,-4.821949,-0.205925,-0.018039,-0.355059,-0.417568,0.138008,-0.252913,-0.516205,-0.142874,-0.189979,-0.40622,-0.176253,-0.086045,-0.187248,-0.408993,-0.342108,-0.356
miR-210-3p,3p,FALSE,-0.345274,0.278391,0,1.832965,1.861976,1.968935,1.764468,0.943292,1.910778,1.50616,2.135292,0.996917,1.373872,1.1169,1.199211,1.109299,1.541897,-0.226657,1.124982,0.980182,0.112304,0.731119,0.368479,0.234727,0.397579,0.249148,0.137103,-0.604318,0.428499,-2.741505,0.634104,0.369495,-0.774948,-0.882977,-0.563643,0.068159,-0.349871,-0.168771,-0.195398,0.049302,0.190709,0.050885,0.102711,0.051941,0.115998,-0.133924
miR-3613-5p,5p,FALSE,-0.087147,0.082181,0,1.513751,1.443006,1.553462,1.765981,1.937613,2.319253,1.020606,1.762925,0.040094,0.510578,0.46264,1.034756,1.206572,1.603183,2.674899,3.652802,1.601427,0.696332,1.060135,0.588356,0.732122,0.656735,0.341334,0.78293,0.511416,-0.057586,0.954732,1.131037,-0.099734,-1.15335,-1.294102,-1.066979,0.539992,-0.386502,-0.248337,0.363023,0.010125,0.254812,0.357988,0.401592,-0.017752,-0.015545,0.118523
miR-19b-3p,3p,FALSE,-0.051328,0.049565,0,1.765994,1.784919,1.096528,2.257267,1.544314,1.675801,1.890131,1.617572,1.452804,1.552407,1.279584,1.41476,1.579422,1.446618,-0.420992,1.588219,0.865541,0.522575,0.632019,0.450251,0.41503,0.417617,0.379884,0.254019,-0.63719,0.423172,-4.613912,-0.994767,0.20547,-0.248362,-0.149021,0.176833,0.017679,-0.42569,-0.110242,-0.163252,-0.212955,-0.008617,0.098392,-0.026446,-0.202347,-0.186913,-0.200344
miR-27a-3p,3p,FALSE,0.197703,-0.229164,0,2.085223,1.990914,0.472268,2.212381,1.421927,0.99142,1.777941,1.543345,1.607563,1.712364,1.352037,1.495419,2.12505,1.567377,-0.682682,1.587647,0.815367,0.34332,0.519356,0.64942,0.295355,0.207185,0.251569,0.085059,-0.526911,0.057363,-2.001133,-0.231964,-0.205175,-0.388473,-0.260479,0.228497,-0.101906,-0.189464,0.060081,-0.118728,-0.171774,-0.129991,-0.026338,0.065474,-0.222066,-0.104332,-0.226389
miR-30e-3p,3p,FALSE,0.047219,-0.048817,0,1.295514,1.390378,1.767035,2.371105,1.152738,2.116138,1.760528,1.496139,1.345612,1.709629,1.897442,1.804807,1.626894,1.074511,0.372134,0.830795,0.411679,0.818244,0.451554,-0.062111,0.003345,0.548788,0.311674,0.152212,0.483511,0.292751,-0.820786,-0.601688,0.157763,0.140034,-0.027386,0.045597,-0.281646,-0.047537,0.093523,-0.089497,0.032622,-0.109495,-0.118153,0.271383,-0.25935,-0.237864,-0.331578
miR-126-3p,3p,FALSE,0.052871,-0.054883,0,1.544583,0.941872,2.126941,2.947666,1.614161,0.633558,3.023588,2.201261,1.758797,2.366239,2.339676,1.549187,1.195968,2.786868,-1.406521,-0.108584,0.735134,0.52269,-0.172606,0.721336,-0.381024,0.217634,0.012084,-0.52874,0.067426,0.006065,-0.499905,0.079568,0.061138,0.128893,0.037793,0.172558,-0.204311,-0.046238,0.117822,-0.276779,0.02265,-0.208216,-0.399251,-0.053649,-0.267742,-0.42629,-0.514484
miR-625-3p,3p,FALSE,-0.10775,0.100259,0,0.901585,1.370772,2.450447,1.558292,2.073694,2.352598,1.699595,1.771604,1.356829,1.551739,1.690171,1.078829,0.757524,2.025857,3.297435,2.998228,1.471898,1.00505,1.166358,1.005944,0.691124,0.436017,0.377781,0.583393,0.74039,0.074891,0.260386,0.253918,0.033821,-0.554572,-0.462956,-0.473687,0.466615,-0.156529,-0.032215,-0.147627,0.183948,0.172229,0.12045,0.21901,0.174336,0.143094,0.209915
miR-15b-3p,3p,FALSE,-0.132814,0.121612,0,2.338806,2.439245,2.20683,1.761702,1.062201,1.392469,2.03921,2.423297,1.482874,1.86061,1.993729,2.001231,1.842623,2.095611,-0.694476,0.537519,0.980565,0.794384,0.94443,0.972194,0.384046,0.437476,0.186871,-0.05434,0.052489,0.245922,-4.279714,-1.286784,0.237994,-0.554458,-0.602581,-0.459614,0.039706,-0.301283,-0.153916,-0.242655,-0.073265,-0.190227,-0.084753,-0.153979,-0.292267,-0.435402,-0.349011
miR-92a-3p,3p,FALSE,-0.014412,0.014269,0,1.530885,1.6725,2.620544,1.768022,1.662713,2.239111,1.780147,1.997302,1.103632,1.862062,2.211313,1.774279,1.521954,1.525481,1.973078,1.999044,1.237693,0.886018,0.804679,0.578046,0.752252,-0.009769,0.080569,0.491543,1.241052,0.230876,-0.255093,-1.257015,-0.116719,-0.173788,0.009577,-0.242257,0.197018,0.07967,0.032374,-0.168486,0.168736,0.108482,0.039957,0.285253,0.201491,0.142925,0.299131
miR-101-3p,3p,FALSE,-0.049069,0.047455,0,2.401027,2.188796,1.709513,2.73581,1.803198,1.455436,2.419797,1.931836,2.016904,2.180039,1.876395,2.090457,2.43524,1.708553,0.160284,1.28972,0.853353,0.299305,0.416107,0.640993,0.320921,-0.106214,-0.125365,-0.463033,-0.186966,-0.025082,0.401595,0.44941,-0.070028,0.017337,-0.163793,0.334497,-0.101008,-0.273139,-0.072908,0.256297,-0.229031,-0.246292,-0.114176,0.083829,-0.274202,-0.214129,-0.327699
miR-10a-3p,3p,FALSE,-0.062429,0.05984,0,1.670285,1.995109,2.815505,2.004925,1.673048,2.119678,2.344764,2.223629,1.521383,2.292485,2.329988,2.18964,2.33562,1.841476,0.491438,1.641486,1.10899,0.81356,0.979661,0.798618,0.421764,0.467266,0.321228,0.220912,0.007205,0.43259,-1.788945,-0.380994,0.10755,0.042682,-0.006499,-0.02612,0.376477,-0.108805,-0.042879,-0.050953,0.105006,0.100371,0.132147,0.336998,0.021968,-0.107118,-0.020726
miR-4454,NA,FALSE,-0.604809,0.424859,0,1.587404,1.474834,2.778368,1.892285,2.233946,3.028719,1.756646,2.468287,1.006287,1.762666,1.694518,1.833434,1.481999,1.747259,3.255202,4.16514,1.900719,0.561269,0.963709,0.328088,0.980949,0.345057,0.249095,0.836161,1.319131,0.244475,-2.932072,-1.850872,0.340391,-1.301195,-0.682167,-0.588786,0.589882,-0.515869,-0.636252,-0.120031,0.126303,-0.163162,0.206297,-0.131734,-0.007938,-0.052364,0.365752
miR-4521,NA,FALSE,-0.968792,0.574408,0,1.213651,1.311572,2.388891,1.347955,2.439117,2.312812,3.194136,2.238663,2.556828,3.118335,3.138166,2.801544,2.87473,0.959904,3.334161,3.035412,1.194442,-0.038429,1.507266,-0.075098,0.464129,0.548677,0.20763,0.453547,0.833055,0.379745,-2.963096,-0.131459,0.372464,0.665341,0.518107,0.902916,0.078424,-1.500548,-1.012637,0.167682,0.265751,0.194838,-0.327844,-0.00855,0.022659,0.257602,-0.217112
miR-9-3p,3p,FALSE,0.222419,-0.263072,0,2.548129,3.22747,2.747447,3.130024,2.631776,2.548246,2.783312,2.343285,1.742955,2.817011,2.522195,2.864614,2.554039,2.183464,0.049355,2.006206,1.496266,1.285359,1.349929,1.491304,0.888689,0.534608,0.506585,0.826526,-0.553866,0.10306,-3.558603,1.140332,0.145772,-0.209576,-0.171081,0.034297,0.59866,-0.003994,0.147599,0.100932,0.230378,0.3005,0.448469,0.524209,0.204357,0.258274,0.303193